{
  "assetsByChunkName": {
    "vendors~app-account~app-checkout~app-confirmation~app-order": "chunk.be256d3c70e275daee85.js",
    "vendors~app-account~app-confirmation~app-order": "chunk.b84936f32f3fe35ddc44.js",
    "vendors~app-account~app-checkout": "chunk.a80ec056585ffa8d4302.js",
    "vendors~app-cart~app-checkout": "chunk.121bee62c5b441bf963c.js",
    "admin": [
      "admin.d3c8827aa312b2ce1a73.js",
      "admin.d3c8827aa312b2ce1a73.js.map"
    ],
    "app-account": "chunk.2791233117ded25d1d37.js",
    "app-checkout": "chunk.c4f852cadda5ed309af2.js",
    "app-confirmation": "chunk.089c96c7b21912898bce.js",
    "app-order": "chunk.995d3e41fb1fe3f538e6.js",
    "checkout": [
      "checkout.fce1a9ea120c3f943740.js",
      "checkout.fce1a9ea120c3f943740.js.map"
    ],
    "storefront": [
      "storefront.e88e1effb9a7269de228.css",
      "storefront.5ad721c912e3c32ddd6e.js",
      "storefront.e88e1effb9a7269de228.css.map",
      "storefront.5ad721c912e3c32ddd6e.js.map"
    ],
    "vendors~app-cart": "chunk.9358378f9137569203d2.js"
  }
}