{
  "meta_title": "Clube do LED: Iluminação LED para todos",
  "meta_description": "No Clube do LED, você encontra tudo para sua casa inteligente desde lâmpadas e spots LED de alta qualidade, com foco na eficiência, economia e versatilidade. Nossas lâmpadas LED consomem menos energia e duram mais, enquanto nossos spots LED são perfeitos para criar efeitos de iluminação interessantes. Estamos sempre buscando as últimas novidades em tecnologia LED, para que você possa ter certeza de que está comprando produtos de alta qualidade e com as últimas tendências.",
  "sections": [
    {
      "type": "banner-slider",
      "autoplay": 9000,
      "full_width": true,
      "slides": [
        {
          "start": "",
          "end": "",
          "img": "/img/uploads/banner-pra-quem-e-clube.jpg",
          "mobile_img": "/img/uploads/banner-pra-quem-e-clube-mobile.jpg",
          "link": "/ofertas"
        },
        {
          "img": "/img/uploads/banner-normal.jpg",
          "link": "/BlackWeek",
          "alt": "Black Week",
          "start": "",
          "end": "",
          "mobile_img": "/img/uploads/banner-normal-mobile.jpg"
        },
        {
          "start": "",
          "end": "",
          "img": "/img/uploads/banner-normal.jpg",
          "alt": "Black Week",
          "mobile_img": "/img/uploads/banner-normal-mobile.jpg"
        }
      ]
    },
    {
      "type": "info-bar",
      "enabled": true
    },
    {
      "type": "banners-grid",
      "banners": [
        {
          "img": "/img/uploads/banner-promocoes-destaques.png",
          "mobile_img": "/img/uploads/banner-promocoes-destaques.png"
        },
        {
          "img": "/img/uploads/banner-promocoes-destaques2.png",
          "mobile_img": "/img/uploads/banner-promocoes-destaques2.png"
        },
        {
          "img": "/img/uploads/banner-promocoes-destaques3.png",
          "mobile_img": "/img/uploads/banner-promocoes-destaques3.png"
        }
      ]
    },
    {
      "type": "collection-shelf",
      "shuffle": true,
      "limit": 12,
      "page": 1,
      "collection_id": "65f70ec187ab487fbfe9c242:categories:Super Ofertas:/ofertas",
      "sort": "offers",
      "autoplay": 5
    },
    {
      "autoplay": 0,
      "page": 1,
      "title": "Novidades",
      "shuffle": false,
      "headless": false,
      "type": "collection-shelf",
      "limit": 12,
      "collection_id": null,
      "sort": "news"
    }
  ]
}